type,name,buoyancy_kg,weight_kg,length_m,width_m,diameter_m,drag,material,comment
arcels,Oceano RT-121,-30,None,0.89,0.124,0,1.3,1,
arcels,Oceano RT-161,-35,None,0.89,0.124,0,1.3,1,
arcels,Oceano AR191,-26,None,0.85,0.112,0,1.3,1,
arcels,Oceano AR261,-21,None,0.82,0.124,0,1.3,1,
arcels,Dual-ORT (UWA),-34,None,0.66,0.28,0,1.3,1,
arcels,Benthos 866,-13,None,0.66,0.15,0,1.3,1,
arcels,Monitor-DualAR (UWA),-47,None,1.625,0.25,0,1.3,1,
arcels,Ribuck Dual Kit for Sonardyne ORT (UWA),-35,42,0.94,0.28,0,1.3,1,
arcels,Sonardyne ORT,None,None,0.7,None,None,None,1,
arcels,Edgetech MF SD,None,None,0.7,None,None,None,1,
anchors,1 Railway Wheel,-454.55,454.55,0.15,1,0,1.3,1,
anchors,2 Railway Wheels,-915,915,0.35,1,0,1.3,1,
anchors,3 Railway Wheels,-1350,1350,0.55,1,0,1.3,1,
anchors,4 Railway Wheels,-1830,1830,0.7,1,0,1.3,1,
anchors,1S-WagonW (UWA),-240,240,0.25,0.8,0,1.3,1,
anchors,1M-WagonW (UWA),-300,300,0.25,0.8,0,1.3,1,
anchors,1L-WagonW (UWA),-360,360,0.25,0.8,0,1.3,1,
anchors,2S-WagonW (UWA),-480,480,0.45,0.8,0,1.3,1,
anchors,2M-WagonW (UWA),-600,600,0.45,0.8,0,1.3,1,
anchors,2L-WagonW (UWA),-720,720,0.45,0.8,0,1.3,1,
anchors,16 kg lead block,-14.77,16,0.05,0.3,0,1.3,1,
anchors,3L-WagonW (UWA),-1080,1080,0.65,0.8,0,1.3,1,
anchors,3M-WagonW (UWA),-900,900,0.65,0.8,0,1.3,1,
anchors,Anchor S245,-900,900,0.8,0.8,0,1.3,1,
anchors,Anchor N280,-900,900,0.83,0.8,0,1.3,1,
anchors,Anchor W310,-900,900,0.48,0.8,0,1.3,1,
anchors,Anchor N150,-900,900,0.8,0.8,0,1.3,1,
anchors,Anchor S150,-900,900,0.83,0.8,0,1.3,1,
anchors,Anchor W400,-900,900,0.48,0.8,0,1.3,1,
anchors,Anchor W400_2026_720kg,-720,720,0.9,0.8,0,1.3,1,#check length
anchors,Anchor S150_2026_720kg,-720,720,0.64,0.8,0,1.3,1,#check length
anchors,Anchor N150_2026_750kg,-750,750,0.67,0.8,0,1.3,1,#check length
anchors,Anchor 500kg,-500,500,0.44,0.8,0,1.3,1,#check length
rigging,shac-L-shac (UWA),-0.75,None,0.21,0.025,0,1.3,1,
rigging,16mmDS-L-16mmDS,-0.75,None,0.21,0.025,0,1.3,1,
rigging,13mmBS-L-16mmDS,-0.75,None,0.21,0.025,0,1.3,1,
rigging,16mmDS-L-13mmBS,-0.75,None,0.21,0.025,0,1.3,1,
rigging,16mmBS,-0.65,None,0.06,0.025,0,1.3,1,
rigging,150mm Load Ring,-0.75,None,0.15,0.025,0,1.3,1,
rigging,16mmDS-Swvl-13m,-5,None,0.25,0.06,0,1.3,1,
rigging,16mmDS-Swvl-16m,-5,None,0.27,0.06,0,1.3,1,
rigging,16mmDS,-0.65,None,0.06,0.025,0,1.3,1,
rigging,16mmDS-L,-0.65,None,0.16,0.025,0,1.3,1,
rigging,13mmBS,-0.65,None,0.047,0.025,0,1.3,1,
rigging,16mmBS-L-13mmBS,-0.75,None,0.21,0.025,0,1.3,1,
rigging,13mmBS-L-13mmBS,-0.75,None,0.21,0.025,0,1.3,1,
rigging,16mmBS-L-16mmBS,-0.75,None,0.21,0.025,0,1.3,1,
rigging,13mmBS-L-16mmBS,-0.75,None,0.21,0.025,0,1.3,1,
rigging,10mm Load Ring,-0.5,None,0.155,0.025,0,1.3,1,
rigging,8mm Load Ring,-0.5,None,0.13,0.025,0,1.3,1,
rigging,Small Load Ring,-0.5,None,0.09,0.025,0,1.3,1,
chains,3/8 chain SL,-2.33,4,1,0.022,0,1.3,1,Standard for above anchor
chains,1/2 chain SL,-4.12,None,1,0.03,0,1.3,1,
chains,1 chain SL,-13,None,1,0.04,0,1.3,1,
chains,1/2 chain LL,-3.1,None,1,0.03,0,1.3,1,
chains,1/2 SS link,-0.2,None,0.1,0.025,0,1.3,1,
chains,1/2 galv link,-0.2,None,0.1,0.025,0,1.3,1,
chains,1/2 shackle,-0.3,None,0.08,0.025,0,1.3,1,
chains,3/8 shackle,-0.125,None,0.04,0.025,0,1.3,1,
chains,5/8 shackle,-0.65,None,0.065,0.05,0,1.3,1,
chains,"1"" shackle",-2.2,None,0.08,0.03,0,1.3,1,
chains,1/2 swivel,-0.65,None,0.14,0.05,0,1.3,1,
chains,3/4 swivel,-1.5,None,0.14,0.04,0,1.3,1,
chains,1/2 shac+3/8shac,-0.425,None,0.12,0.025,0,1.3,1,
chains,"3/8"" buoy chain",-1.677,None,1,0.02,0,1.3,1,
chains,"1/2"" buoy chain",-3.07,None,1,0.025,0,1.3,1,
chains,"5/8"" buoy chain",-4.73,None,1,0.035,0,1.3,1,
chains,"3/4"" buoy chain",-6.87,None,1,0.04,0,1.3,1,
chains,"1"" buoy chain",-12.25,None,1,0.05,0,1.3,1,
cms,Aanderaa RCM-4,-17.3,None,0.55,0.128,0,1.3,1,
cms,Aanderaa RCM-5,-19.5,None,0.57,0.128,0,1.3,1,
cms,Aanderaa RCM-7,-18.3,None,0.55,0.128,0,1.3,1,
cms,Aanderaa RCM-8,-22.7,None,0.57,0.128,0,1.3,1,
cms,OEI Expend. CM,-3.6,None,0.66,0.128,0,1.3,1,
cms,FSI-3DACM coast,-10,None,0.38,0.13,0,1.3,1,
cms,EG&G VACM,-35,None,1.98,0.25,0,1.3,1,
cms,EG&G VMCM,-30,None,1.7,0.25,0,1.3,1,
cms,NBIS ACM-2,-13,None,1.2,0.2,0,1.3,1,
cms,InterOcn S4 CM,-1.5,None,0.8,0,0.3,0.6,1,
cms,CDMS CM,-20,None,2,0.2,0,1.2,1,
cms,SentinelADCP (UWA),-10.5,13,1,0.2,0,1.2,1,
cms,Aanderaa RDCP,-22,None,0.58,0.16,0,1.3,1,
cms,150ADCP+Frame (UWA),-60,None,1.5,0.4,0,1.3,1,
cms,hfADCP33buoyDW,120,None,1.41,0.5,0,1.3,5,
cms,150ADCP-Buoy,117,None,1.845,0.4,0,1.3,5,
cms,75LR-30inUWA,62,None,0.962,0,0.77,0.75,5,
cms,150kHz+30in,47,137.2,1.64,0,0.5,0.75,4,weight estimate
cms,75kHz+30in,21,191.9,1.64,0,0.5,0.75,4,weight estimate
cms,"RDIQM150+36""DWB",126,None,1.64,0,0.59,0.75,4,
cms,75kHz+40in (AIMS),100,284.02,1.64,0,1.016,0.75,4,weight estimate
cms,75kHz+40in+Ti300kHz (UWA),85.8,297.02,2.3,0,1.016,0.75,4,weight estimate
cms,75kHz+30in_sph (UWA),20,191.9,1.72,0,0.76,0.5,4,weight estimate
cms,150kHz+30in_sph (UWA),57,176.4,1.7,0,0.76,0.3,4,weight estimate
cms,100 cm Signature Frame (UWA),-7.5,22.8,1.29,0.142,0,1.3,1,weight estimate
cms,ADV+MP+uSquid+2B (UWA),-43,25,1.85,0.25,0,0.65,1,weight estimate
cms,Signature 1000,-0.8,2.8,0.3,None,None,None,1,# Check lengths
cms,Longranger,-55,124.7,1,None,None,None,1,# Check lengths
cms,Quartermaster,-38,70,1,None,None,None,1,# Check lengths
cms,Sentinel,-10.5,13,1,0.2,0,1.2,1,# Check lengths
cms,Vector,-1.5,5,0.7,None,None,None,1,# Check lengths
floats,61in ORE,999,None,1.65,0,1.65,0.65,1,
floats,48in ORE,620,None,1.234,0,1.234,0.65,1,
floats,41in ORE,433,None,1.04,0,1.04,0.65,1,
floats,37in ORE,300,None,0.94,0,0.94,0.65,1,
floats,28in ORE,133,None,0.71,0,0.71,0.65,1,
floats,30in float,160,None,0.76,0,0.76,0.65,1,
floats,Kiel SFS40in,320,None,1,0,1,0.65,1,
floats,"Torp. Flt, 3-28",364,None,0.83,0,0.83,0.75,1,
floats,17 in glass,23,None,0.57,0,0.57,0.95,1,
floats,Billings-12in,10,None,0.343,0,0.343,0.95,1,
floats,BENTHOS 17in,23,None,0.51,0,0.51,0.95,1,
floats,16in Viny,19,None,0.4,0,0.4,0.6,1,
floats,Double 17in,48,None,0.5,0,0.65,0.95,1,
floats,Double 16inViny,38,None,0.5,0,0.6,0.6,1,
floats,Trpl 16 in Viny,56,None,1.5,0,0.75,0.6,1,
floats,Trpl 12in glass,30,None,0.95,0,0.62,1,1,
floats,CDMS 1.2m sphere,682,None,1.2,0,1.2,0.5,1,
floats,CDMS 2m sphere,2470,None,2,0,2,0.5,1,
floats,54cm Alum CAP3,61,None,0.55,0,0.54,0.65,1,
floats,54x30inClamShell,405,None,1.4,0,0.75,0.15,1,
floats,Top of Tow Rope,0.01,None,0,0,0,0,1,
floats,34in MetOC (UWA),181,None,1.06,0,1.06,0.65,1,
floats,8 in mooring flo,4,None,0.2,0,0.2,0.65,4,
floats,11in plast (UWA),8.8,None,0.25,0,0.25,0.65,4,
floats,QDRP-11in (UWA),35.2,None,0.25,0,0.5,0.65,4,
floats,30in (UWA),160,96,0.96,0,0.76,0.65,4,
floats,35in (UWA),238,152,1.1,0,0.9,0.65,4,weight estimate
floats,34in (AIMS),180,140,1.06,0,0.86,0.65,4,"# check length, weight estimate"
floats,31in_750 (AIMS),143,128,0.96,0,0.795,0.65,4,
floats,30in smooth (UWA),160,96,0.76,0,0.76,0.45,4,
floats,popup buoy,9.5,19.5,0.7,0,0.4,0.65,4,
floats,14in Panther Plast (UWA),17.6,7.145,0.3556,0,0.3556,0.65,4,# http://trawlworks.com/floats.html
miscs,AanderaaT.chain,-12,None,0.55,0.128,0,1.3,1,
miscs,SBE-16,-10,None,0.45,0.08,0,1.3,1,
miscs,A. tide gauge,-12,None,0.55,0.128,0,1.3,1,
miscs,Keil sedmt trap,-80,None,2.5,0.999,0,1.3,1,
miscs,ULS#2/APL,15,None,0,0,0.65,1,1,
miscs,DataSonics Xpdr,-10,None,0.7,0.13,0,1.3,1,
miscs,Benthos Xpdr,-5,None,0,0,0.3,1,1,
miscs,Brancker TR1000,-0.448,None,0.27,0.051,0,1.3,1,
miscs,Brancker XL-200,-0.43,None,0.54,0.06,0,1.3,1,
miscs,Brancker XL-210,0.714,None,0.84,0.076,0,1.3,1,
miscs,Heavy Sphere,-10,None,0.3,0,0.3,0.65,1,
miscs,CDMS 10sqft Tow,-90.72,None,1.087,0,1.087,1,1,
miscs,CDMS 30sqft Tow,-415.72,None,1.88,0,1.88,1.2,1,
miscs,IceProfiler4+Flt,62,None,1.3,0,0.4,0.8,1,
miscs,Heavy Sphere 2,-100,None,0.4,0,0.4,0.65,1,
miscs,SBE 19+ cage,-20,None,0.45,0.2,0,1.3,1,
miscs,SBE 19,-10,None,0.35,0.05,0,1.3,1,Check these numbers
miscs,SBE37 (UWA),-2.3,None,0.56,0.1,0,1.3,1,
miscs,ADV-SBE39 (UWA),-35,None,1.64,0.252,0,0.65,1,
miscs,SBE56 (UWA),-0.05,None,0.3,0.025,0,1.3,5,
miscs,uSquid+ADV+2BP,-43,None,1.85,0.25,0,0.65,1,
miscs,SBE39 T (UWA),-0.25,None,0.31,0.11,0,1.3,5,
miscs,SBE39 TP (UWA),-0.25,None,0.31,0.11,0,1.3,5,
miscs,FLNTUSB (UWA),-0.25,None,0.31,0.11,0,1.3,5,
miscs,SBE56 T (UWA),-0.05,None,0.3,0.025,0,1.3,5,
miscs,SBE37 CTD (UWA),-2.3,None,0.56,0.1,0,1.3,1,
miscs,ADV+MP+uSquid+2B,-43,None,1.85,0.25,0,0.65,1,
miscs,ADV+IMU+SBE56+2B,-43,None,1.85,0.25,0,0.65,1,
miscs,"Dbld 3/8"" chain",-1,None,0.2,0.044,0,1.3,1,
miscs,Sercel+frame (UWA),-10,None,0.55,0.15,0,1.3,1,
miscs,Xeos+frame (UWA),-10,None,0.55,0.15,0,1.3,1,
miscs,Signature1000,-2,2.8,0.2,0.22,0,1.3,1,
miscs,LISST_200X (UWA),-4,None,0.2,0.4,0,1.3,1,
miscs,Empty (UWA),-1,None,0.001,0.001,0,1.3,1,
miscs,Zn Anode (UWA),-0.05,None,0.2,0.025,0,1.3,5,
miscs,Suspended Weight,-80,80,0.5,0.2,0,1.3,1,
miscs,SBE37 SMP plastic CTP (UWA),None,None,0.56,0.1,0,1.3,1,
miscs,SBE37 SMP titanium CTP (UWA),None,None,0.56,0.1,0,1.3,1,
miscs,SBE37 titanium CT (UWA),None,None,0.56,0.1,0,1.3,1,
miscs,SBE39 int. TP (UWA),-0.25,None,0.31,0.11,0,1.3,5,
miscs,SBE39 ext. TP (UWA),-0.25,None,0.31,0.11,0,1.3,5,
miscs,SBE39 sync. T (UWA),-0.25,None,0.31,0.11,0,1.3,5,
miscs,SBE39 ext. T (UWA),-0.25,None,0.31,0.11,0,1.3,5,
miscs,SBE39 plus TP (UWA),-0.25,None,0.31,0.11,0,1.3,5,
miscs,RBRquartz TP,-0.25,None,0.31,0.11,0,1.3,5,
miscs,Lander frame,None,None,2.6,None,None,None,None,
miscs,Ecotriplet (UWA),-0.02,None,0.127,0.63,0,1.3,5,
miscs,NTUS (UWA),-0.25,None,0.31,0.11,0,1.3,5,
miscs,Swivel (UWA),-4,4,0.2,0.06,0,1.3,1,
miscs,uSquid,None,None,0.2,None,None,None,1,
miscs,FP07,None,None,0.05,None,None,None,1,
miscs,Sercel,None,None,0.05,None,None,None,1,
miscs,Xeos,-1.264,None,0.28,None,0.05,None,1,
miscs,RBR duet (UWA),-0.25,None,0.31,0.11,0,1.3,5,
wires,1/4 Kevlar,-0.009,0.009,1,0.007,0,1.3,6,
wires,5/16 Kevlar,-0.014,0.014,1,0.008,0,1.3,6,
wires,3/8 Kevlar,-0.023,0.023,1,0.009,0,1.3,6,
wires,7/16 Kevlar,-0.026,0.026,1,0.011,0,1.3,6,
wires,1/2 Kevlar,-0.032,0.032,1,0.013,0,1.3,6,
wires,9/16 Kevlar,-0.043,0.043,1,0.014,0,1.3,6,
wires,5/8 Kevlar,-0.054,0.054,1,0.016,0,1.3,6,
wires,3/16 wire rope,-0.12,0.12,1,0.007,0,1.3,1,
wires,1/4 wire rope,-0.14,0.14,1,0.007,0,1.3,1,
wires,5/16 wire rope,-0.19,0.19,1,0.008,0,1.3,1,
wires,3/8 wire rope,-0.33,0.33,1,0.009,0,1.3,1,The RPS special
wires,1/4 wire/jack,-0.13,0.13,1,0.008,0,1.3,1,
wires,5/16 wire/jack,-0.186,0.186,1,0.011,0,1.3,1,
wires,3/8 wire/jack,-0.318,0.318,1,0.013,0,1.3,1,
wires,1/2 wire/jack,-0.547,0.547,1,0.017,0,1.3,1,
wires,7/16 VLS,-0.023,0.023,1,0.011,0,1.3,1,
wires,1/2 VLS,-0.041,0.041,1,0.013,0,1.3,1,
wires,11mm Perlon,-0.005,0.005,1,0.011,0,1.3,3,
wires,7/16 Dacron,-0.032,0.032,1,0.011,0,1.3,3,
wires,1/2 Dacron,-0.041,0.041,1,0.013,0,1.3,3,
wires,9/16 Dacron,-0.058,0.058,1,0.014,0,1.3,3,
wires,3/4 Dacron,-0.099,0.099,1,0.019,0,1.3,3,
wires,5/8 Nylon,-0.022,0.022,1,0.016,0,1.3,2,
wires,3/4 Nylon,-0.03,0.03,1,0.019,0,1.3,2,
wires,1 Nylon,-0.05,0.05,1,0.025,0,1.3,2,
wires,3/4 Polyprop,0.016,None,1,0.019,0,1.3,4,
wires,1/2 Neutral Wire,0,None,1,0.013,0,1.5,6,
wires,1in Neutral Wire,0,None,1,0.025,0,0,6,
wires,12 mm Aquatec,0.008,None,1,0.012,0,1.3,4,
wires,6mm AmSteel,0.001,None,1,0.006,0,1.3,4,Rigging shed
miscs,ww turnaround bumper,-0.05,None,0.2,0.025,0,1.3,5,Guessed values
wires,ww 3/16 profiling wire,-0.12,None,1,0.007,0,1.3,1,Guessed values
rigging,ww 1/2inch shackle,-0.65,None,0.047,0.025,0,1.3,1,Guessed values
rigging,ww pear link,0.5,None,0.13,0.025,0,1.3,1,Guessed values
chains,ww swivel,-2,None,0.2,0.06,0,1.3,1,Guessed values
anchors,ww down weights,-41,-41,0.4,0.2,0,1.3,1,Guessed values
miscs,wirewalker profiler,0,None,1.2,0.5,0,1.3,5,Guessed values
floats,ww surface buoy,133,None,0.71,0,0.71,0.65,1,Guessed values
cms,600ADCP+Frame (UWA),-60,None,1.5,0.4,0,1.3,1,Guessed values  
cms,600kHz,-60,None,1.5,0.4,0,1.3,1,Guessed values
arcels,6mm dyneema spooled 350m,None,None,0.3,0.3,None,None,1,Guessed values
